{
  "pet_rarity_offset": {
    "COMMON": 0,
    "UNCOMMON": 6,
    "RARE": 11,
    "EPIC": 16,
    "LEGENDARY": 20,
    "MYTHIC": 20
  },
  "pet_levels": [
    100,
    110,
    120,
    130,
    145,
    160,
    175,
    190,
    210,
    230,
    250,
    275,
    300,
    330,
    360,
    400,
    440,
    490,
    540,
    600,
    660,
    730,
    800,
    880,
    960,
    1050,
    1150,
    1260,
    1380,
    1510,
    1650,
    1800,
    1960,
    2130,
    2310,
    2500,
    2700,
    2920,
    3160,
    3420,
    3700,
    4000,
    4350,
    4750,
    5200,
    5700,
    6300,
    7000,
    7800,
    8700,
    9700,
    10800,
    12000,
    13300,
    14700,
    16200,
    17800,
    19500,
    21300,
    23200,
    25200,
    27400,
    29800,
    32400,
    35200,
    38200,
    41400,
    44800,
    48400,
    52200,
    56200,
    60400,
    64800,
    69400,
    74200,
    79200,
    84700,
    90700,
    97200,
    104200,
    111700,
    119700,
    128200,
    137200,
    146700,
    156700,
    167700,
    179700,
    192700,
    206700,
    221700,
    237700,
    254700,
    272700,
    291700,
    311700,
    333700,
    357700,
    383700,
    411700,
    441700,
    476700,
    516700,
    561700,
    611700,
    666700,
    726700,
    791700,
    861700,
    936700,
    1016700,
    1101700,
    1191700,
    1286700,
    1386700,
    1496700,
    1616700,
    1746700,
    1886700
  ],
  "custom_pet_leveling": {
    "GOLDEN_DRAGON": {
      "type": 1,
      "pet_levels": [
        0,
        5555,
        1886700,
        1886700,
        1886700,
        1886700,
        1886700,
        1886700,
        1886700,
        1886700,
        1886700,
        1886700,
        1886700,
        1886700,
        1886700,
        1886700,
        1886700,
        1886700,
        1886700,
        1886700,
        1886700,
        1886700,
        1886700,
        1886700,
        1886700,
        1886700,
        1886700,
        1886700,
        1886700,
        1886700,
        1886700,
        1886700,
        1886700,
        1886700,
        1886700,
        1886700,
        1886700,
        1886700,
        1886700,
        1886700,
        1886700,
        1886700,
        1886700,
        1886700,
        1886700,
        1886700,
        1886700,
        1886700,
        1886700,
        1886700,
        1886700,
        1886700,
        1886700,
        1886700,
        1886700,
        1886700,
        1886700,
        1886700,
        1886700,
        1886700,
        1886700,
        1886700,
        1886700,
        1886700,
        1886700,
        1886700,
        1886700,
        1886700,
        1886700,
        1886700,
        1886700,
        1886700,
        1886700,
        1886700,
        1886700,
        1886700,
        1886700,
        1886700,
        1886700,
        1886700,
        1886700,
        1886700,
        1886700,
        1886700,
        1886700,
        1886700,
        1886700,
        1886700,
        1886700,
        1886700,
        1886700,
        1886700,
        1886700,
        1886700,
        1886700,
        1886700,
        1886700,
        1886700,
        1886700,
        1886700
      ],
      "max_level": 200
    },
    "BINGO": {
      "rarity_offset": {
        "COMMON": 0,
        "UNCOMMON": 0,
        "RARE": 0,
        "EPIC": 0,
        "LEGENDARY": 0
      }
    },
    "REINDEER": {
      "xp_multiplier": 2
    }
  },
  "pet_types": {
    "ROCK": "MINING",
    "BAT": "MINING",
    "MITHRIL_GOLEM": "MINING",
    "WITHER_SKELETON": "MINING",
    "SILVERFISH": "MINING",
    "ENDERMITE": "MINING",
    "BEE": "FARMING",
    "CHICKEN": "FARMING",
    "PIG": "FARMING",
    "RABBIT": "FARMING",
    "ELEPHANT": "FARMING",
    "BLUE_WHALE": "FISHING",
    "DOLPHIN": "FISHING",
    "FLYING_FISH": "FISHING",
    "BABY_YETI": "FISHING",
    "MEGALODON": "FISHING",
    "SQUID": "FISHING",
    "JELLYFISH": "ALCHEMY",
    "SHEEP": "ALCHEMY",
    "PARROT": "ALCHEMY",
    "MONKEY": "FORAGING",
    "GIRAFFE": "FORAGING",
    "LION": "FORAGING",
    "OCELOT": "FORAGING",
    "BLACK_CAT": "COMBAT",
    "BLAZE": "COMBAT",
    "ENDER_DRAGON": "COMBAT",
    "ENDERMAN": "COMBAT",
    "GHOUL": "COMBAT",
    "GOLEM": "COMBAT",
    "GRIFFIN": "COMBAT",
    "HORSE": "COMBAT",
    "HOUND": "COMBAT",
    "JERRY": "COMBAT",
    "MAGMA_CUBE": "COMBAT",
    "PHOENIX": "COMBAT",
    "PIGMAN": "COMBAT",
    "SKELETON": "COMBAT",
    "SKELETON_HORSE": "COMBAT",
    "SNOWMAN": "COMBAT",
    "SPIDER": "COMBAT",
    "SPIRIT": "COMBAT",
    "TARANTULA": "COMBAT",
    "TURTLE": "COMBAT",
    "TIGER": "COMBAT",
    "ZOMBIE": "COMBAT",
    "WOLF": "COMBAT",
    "GUARDIAN": "ENCHANTING",
    "GRANDMA_WOLF": "COMBAT",
    "ARMADILLO": "MINING",
    "BAL": "MINING",
    "GOLDEN_DRAGON": "COMBAT",
    "RAT": "COMBAT",
    "SCATHA": "MINING",
    "AMMONITE": "FISHING",
    "SNAIL": "MINING",
    "MOOSHROOM_COW": "FARMING",
    "KUUDRA": "COMBAT",
    "REINDEER": "FISHING",
    "BINGO": "ALL",
    "EERIE": "COMBAT",
    "SLUG": "FARMING",
    "OWL": "TAMING",
    "GLACITE_GOLEM": "MINING",
    "HERMIT_CRAB": "FISHING"
  },
  "id_to_display_name": {
    "TYRANNOSAURUS": "T-Rex"
  },
  "pet_item_display_name_to_id": {
    "§5Quick Claw": "PET_ITEM_QUICK_CLAW",
    "§6Tier Boost": "PET_ITEM_TIER_BOOST",
    "§6Tier Boost Core": "PET_ITEM_TIER_BOOST_DROP",
    "§5Combat Exp Boost": "PET_ITEM_COMBAT_SKILL_BOOST_EPIC",
    "§9Combat Exp Boost": "PET_ITEM_COMBAT_SKILL_BOOST_RARE",
    "§aCombat Exp Boost": "PET_ITEM_COMBAT_SKILL_BOOST_UNCOMMON",
    "§fCombat Exp Boost": "PET_ITEM_COMBAT_SKILL_BOOST_COMMON",
    "§9Bubblegum": "PET_ITEM_BUBBLEGUM",
    "§5Exp Share": "PET_ITEM_EXP_SHARE",
    "§5Exp Share Core": "PET_ITEM_EXP_SHARE_DROP",
    "§fAll Skills Exp Super-Boost": "ALL_SKILLS_SUPER_BOOST",
    "§fAll Skills Exp Boost": "PET_ITEM_ALL_SKILLS_BOOST_COMMON",
    "§5Lucky Clover": "PET_ITEM_LUCKY_CLOVER",
    "§5Foraging Exp Boost": "PET_ITEM_FORAGING_SKILL_BOOST_EPIC",
    "§fForaging Exp Boost": "PET_ITEM_FORAGING_SKILL_BOOST_COMMON",
    "§5Fishing Exp Boost": "PET_ITEM_FISHING_SKILL_BOOST_EPIC",
    "§9Fishing Exp Boost": "PET_ITEM_FISHING_SKILL_BOOST_RARE",
    "§aFishing Exp Boost": "PET_ITEM_FISHING_SKILL_BOOST_UNCOMMON",
    "§fFishing Exp Boost": "PET_ITEM_FISHING_SKILL_BOOST_COMMON",
    "§5Lucky Clover Core": "PET_ITEM_LUCKY_CLOVER_DROP",
    "§5Farming Exp Boost": "PET_ITEM_FARMING_SKILL_BOOST_EPIC",
    "§9Farming Exp Boost": "PET_ITEM_FARMING_SKILL_BOOST_RARE",
    "§aFarming Exp Boost": "PET_ITEM_FARMING_SKILL_BOOST_UNCOMMON",
    "§fFarming Exp Boost": "PET_ITEM_FARMING_SKILL_BOOST_COMMON",
    "§aHardened Scales": "PET_ITEM_HARDENED_SCALES_UNCOMMON",
    "§6Textbook": "PET_ITEM_TEXTBOOK",
    "§fIron Claws": "PET_ITEM_IRON_CLAWS_COMMON",
    "§fBig Teeth": "PET_ITEM_BIG_TEETH_COMMON",
    "§aFlying Pig": "PET_ITEM_FLYING_PIG",
    "§aSaddle": "PET_ITEM_SADDLE",
    "§aSpooky Cupcake": "PET_ITEM_SPOOKY_CUPCAKE",
    "§9Mining Exp Boost": "PET_ITEM_MINING_SKILL_BOOST_RARE",
    "§aMining Exp Boost": "PET_ITEM_MINING_SKILL_BOOST_UNCOMMON",
    "§fMining Exp Boost": "PET_ITEM_MINING_SKILL_BOOST_COMMON",
    "§9Titanium Minecart": "PET_ITEM_TITANIUM_MINECART",
    "§5Bingo Booster": "PET_ITEM_BINGO_BOOSTER",
    "§aSharpened Claws": "PET_ITEM_SHARPENED_CLAWS_UNCOMMON"
  }
}